{"regression_metrics": {"train:rmse:epoch": {"value": 89.13712310791016}, "train:progress": {"value": 100.0}, "test:mse": {"value": 4725.7802734375}, "train:mse:batch": {"value": 4680.60400390625}, "train:absolute_loss:epoch": {"value": 17.212976455688477}, "test:absolute_loss": {"value": 17.043617248535156}, "train:mse": {"value": 7945.42626953125}, "train:mse:epoch": {"value": 7945.42626953125}, "train:rmse:batch": {"value": 68.4149398803711}, "train:rmse": {"value": 89.13712310791016}, "test:rmse": {"value": 68.74430847167969}, "train:absolute_loss:batch": {"value": 17.105207443237305}, "train:absolute_loss": {"value": 17.212976455688477}, "train:throughput": {"value": 78307.1640625}}}